SR.NO,PRODUCT CODE,PRODUCT NAME,SHORT NAME,B2B
1,INFERTILITY PROFILE A 58,INFERTILITY PROFILE A 58,IN58AE122,52.41
2,BONE AND MUSCLE PROFILE B 59,BONE AND MUSCLE PROFILE B 59,BO59AE122,72.9
3,INFERTILITY PROFILE C 113,INFERTILITY PROFILE C 113,IN13AE122,382.93
4,PREGNANCY PROFILE C 131,PREGNANCY PROFILE C 131,PR31AE122,277.41
5,ANEMIA PROFILE A 55,ANEMIA PROFILE A 55,AN55AE122,38.86
6,ARTHRITIS PROFILE A 54,ARTHRITIS PROFILE A 54,AR54AE122,37
7,BASIC DIABETES PACKAGE,BASIC DIABETES PACKAGE,15DIABA45,31.48
8,ATHLETE PROFILE A 60,ATHLETE PROFILE A 60,AT60AE122,67.04
9,PREGNANCY PROFILE B 86,PREGNANCY PROFILE B 86,PR86AE122,67.47
10,ARTHRITIS PROFILE C 103,ARTHRITIS PROFILE C 103,AR03AE122,288.06
11,INFECTION PROFILE B 59,INFECTION PROFILE B 59,IN59AE122,113.43
12,OBESITY PROFILE C 107,OBESITY PROFILE C 107,OB07AE122,315.06
13,STANDARD WELLNESS PACKAGE,STANDARD WELLNESS PACKAGE,40WELLST120A,43.52
14,PCOD PROFILE A 57,PCOD PROFILE A 57,PC57AE122,52.29
15,ARTHRITIS PROFILE B 58,ARTHRITIS PROFILE B 58,AR58AE122,78.12
16,BONE AND MUSCLE PROFILE C 104,BONE AND MUSCLE PROFILE C 104,BO04AE122,282.84
17,OBESITY PROFILE A 55,OBESITY PROFILE A 55,OB55AE122,48.77
18,ANEMIA PROFILE B 100,ANEMIA PROFILE B 100,AN00AE122,248.8
19,PRE SURGERY PROFILE A 80,PRE SURGERY PROFILE A 80,PR80AE122,52.15
20,HAIR HEALTH PROFILE B 58,HAIR HEALTH PROFILE B 58,HA58AE122,58.91
21,INFERTILITY PROFILE B 68,INFERTILITY PROFILE B 68,IN68AE122,172.99
22,HAIR HEALTH PROFILE A 57,HAIR HEALTH PROFILE A 57,HA57AE122,53.16
23,PREMIUM DIABETES PACKAGE,PREMIUM DIABETES PACKAGE,60DIAPR180,113.12
24,PCOD PROFILE C 107,PCOD PROFILE C 107,PC07AE122,333.62
25,PCOD PROFILE B 62,PCOD PROFILE B 62,PC62AE122,123.68
26,ATHLETE PROFILE B 64,ATHLETE PROFILE B 64,AT64AE122,92.28
27,STANDARD DIABETES PACKAGE,STANDARD DIABETES PACKAGE,30DIAST90,55.67
28,INFECTION PROFILE A 54,INFECTION PROFILE A 54,IN54AE122,42.55
29,BASIC WELLNESS PACKAGE,BASIC WELLNESS PACKAGE,20WELLBA60A,25.46
30,PREGNANCY PROFILE A 60,PREGNANCY PROFILE A 60,PR60AE122,57.87
31,BONE AND MUSCLE PROFILE A 55,BONE AND MUSCLE PROFILE A 55,BO55AE122,49.39
32,ATHLETE PROFILE C 109,ATHLETE PROFILE C 109,AT09AE122,302.22
33,HAIR HEALTH PROFILE C 103,HAIR HEALTH PROFILE C 103,HA03AE122,268.85
34,OBESITY PROFILE B 62,OBESITY PROFILE B 62,OB62AE122,105.12
35,WOMEN HORMONE PROFILE,WOMEN HORMONE PROFILE,WHPN,25.63
36,METABOLIC PROFILE (BIOT),METABOLIC PROFILE (BIOT),BIOT,23.2
37,THYRO 5,THYRO 5,TH 5AE122,6.41
38,TSH-LH-FSH-PRL,TSH-LH-FSH-PRL,TLFP,10.71
39,KIDNEY FUNCTION TESTS,KIDNEY FUNCTION TESTS,KFT,2.39
40,TOTAL THYROID,TOTAL THYROID,TFT,3.45
41,VITAMINS PACKAGE,VITAMINS PACKAGE,VP,11.54
42,CARDIAC PROFILE,CARDIAC PROFILE,CP,52.84
43,PRE EMPLOYMENT PROFILE,PRE EMPLOYMENT PROFILE,VMP,19.56
44,LIPID PROFILE,LIPID PROFILE,LIPID,4.64
45,IRON DEFICIENCY,IRON DEFICIENCY,IDP,3.34
46,LIVER FUNCTION TESTS,LIVER FUNCTION TESTS,LFT,3.92
47,IRON DEFICIENCY PLUS,IRON DEFICIENCY PLUS,IDAP,10.13
48,FEMALE CANCER MARKERS,FEMALE CANCER MARKERS,FCM,48.17
49,FREE THYROID,FREE THYROID,FTFT,4.11
50,PPBS,POSTPRANDIAL BLOOD SUGAR,PPBS,4
51,FBS,FASTING BLOOD SUGAR,FBS,4
52,HBA,HBA1C,HBA,7.5
53,RBS,RANDOM BLOOD SUGAR,RBS,4
54,HBST,HEPATITS B SURFACE ANTIBODY (ANTI-HBS) - TOTAL,HBST,7.59
55,FERR,FERRITIN,FERR,1.48
56,PSA,PROSTATE SPECIFIC ANTIGEN (PSA),PSA,1.87
57,FSH,FOLLICLE STIMULATING HORMONE (FSH),FSH,2.82
58,CALC,CALCIUM,CALC,1.04
59,CRP,C-REACTIVE PROTEIN (CRP),CRP,1.91
60,ANEMIA PROFILE,ANEMIA PROFILE,AP,37.66
61,CRB_M,RUBELLA - IGM,CRB_M,4.74
62,CTX_M,TOXO GONDII - IGM,CTX_M,9.64
63,COMPLETE URINE ANALYSIS,COMPLETE URINE ANALYSIS,CUA,9.6
64,ANDR,ANDROSTENEDIONE (A4),ANDR,16.72
65,CHL_M,CHLAMYDIA TRACHOMATIS IGM ANTIBODIES,CHL_M,31.02
66,MALE CANCER MARKERS,MALE CANCER MARKERS,MCM,39.27
67,HBCT,ANTI HEPATITIS B CORE ANTIGEN (AHBC) - TOTAL,HBCT,23.58
68,SHBG,SEX HORMONE BINDING GLOBULIN (SHBG),SHBG,9.71
69,FT4,FREE THYROXINE (FT4),FT4,1.48
70,CCM_G,CYTOMEGALO VIRUS (CMV) - IGG,CCM_G,9.49
71,LASE,LIPASE,LASE,4.79
72,HGH,HUMAN GROWTH HORMONE (HGH),HGH,8.76
73,TRIG,TRIGLYCERIDES,TRIG,0.15
74,E2,ESTRADIOL/OESTROGEN (E2),E2,3.21
75,AVM WELLNESS PROFILE 1.3,AVM WELLNESS PROFILE 1.3,AWP1.3,0
76,DREN,DIRECT RENIN,DREN,15.84
77,BASIC WELLNESS PACKAGE-NEW,BASIC WELLNESS PACKAGE-NEW,20WELLBA60-NEW,75
78,DHEA,DHEA - SULPHATE (DHEAS),DHEA,7.21
79,HPYG,HELICOBACTER PYLORI - IGG,HPYG,16.72
80,HAVM,ANTI HEPATITIS A VIRUS (ANTI HAV) - IGM,HAVM,10.95
81,HSTNI,HIGH SENSITIVITY TROPONIN I,HSTNI,16.72
82,AVM DIABETES ADVANCED PROFILE,AVM DIABETES ADVANCED PROFILE,AVDP,0
83,FPSA,FREE PSA,FPSA,8.39
84,STANDARD WELLNESS PACKAGE DIGITAL OFFER,STANDARD WELLNESS PACKAGE DIGITAL OFFER,STERBH101,0
85,CHCV,ANTI HEPATITIS C VIRUS ANTIBODY,CHCV,6.84
86,BILT,BILIRUBIN - TOTAL,BILT,0.46
87,HC_G,HERPES SIMPLEX VIRUS (HSV)-IGG,HC_G,9.27
88,BASIC WELLNESS PACKAGE DIGITAL OFFER,BASIC WELLNESS PACKAGE DIGITAL OFFER,BAERBH101,0
89,SOD,SODIUM,SOD,0.82
90,CALCT,CALCITONIN,CALCT,12.19
91,PROG,PROGESTERONE,PROG,3.28
92,SCRE,CREATININE - SERUM,SCRE,0.45
93,UALB,URINARY MICROALBUMIN,UALB,4.34
94,VITB,VITAMIN B-12,VITB,2.41
95,BHCG,BETA HCG,BHCG,3.5
96,FTES,FREE TESTOSTERONE,FTES,7.52
97,PRL,PROLACTIN (PRL),PRL,3.5
98,AVM WELLNESS ADVANCED PROFILE,AVM WELLNESS ADVANCED PROFILE,AVWP,0
99,PROSTRATE PROFILE,PROSTRATE PROFILE,PROSP,10.26
100,LDH,LACTATE DEHYDROGENASE,LDH,8.79
101,TSH,THYROID STIMULATING HORMONE (TSH),TSH,1.15
102,CPKMB,CREATININE PHOSPHOKINASE (MUSCLE/BRAIN),CPKMB,8.76
103,NS1,DENGUE NS1 ANTIGEN,NS1,14.16
104,ATG,ANTI THYROGLOBULIN ANTIBODY (ATG),ATG,8.8
105,HEALTHY GULF,HEALTHY GULF,HELFAE122,31.5
106,URIC,URIC ACID,URIC,0.45
107,RB_G,RUBELLA - IGG,RB_G,5.93
108,HC_M,HERPES SIMPLEX VIRUS (HSV)-IGM,HC_M,9.27
109,APOA,APOLIPOPROTEIN - A1 (APO-A1),APOA,7.14
110,Hepatitis Profile (WHD),Hepatitis Profile (WHD),Hepatitis Profile (WHD),0
111,ACTH,ACTH,ACTH,15.18
112,GGT,GAMMA GLUTAMYL TRANSFERASE (GGT),GGT,0.46
113,CPEP,C-PEPTIDE,CPEP,10.13
114,FOLI,FOLATE,FOLI,2.29
115,CA19-9,CA19-9,CA19-9,10.31
116,INSFA,INSULIN - FASTING,INSFA,8.21
117,VITDC,25-OH VITAMIN D (TOTAL),VITDC,6.84
118,IRON,IRON,IRON,0.46
119,PERIPHERAL BLOOD SMEAR (PBS),PERIPHERAL BLOOD SMEAR (PBS),PBS,5.84
120,CHIV,HIV P24 AG/AB,CHIV,6.84
121,DG_M,DENGUE-IGM,DG_M,16.2
122,FT3,FREE TRIIODOTHYRONINE (FT3),FT3,1.48
123,HCHO,HDL CHOLESTEROL - DIRECT,HCHO,1.49
124,EAG,HEPATITIS B ENVELOPE ANTIGEN (HBEAG),EAG,12.32
125,CTX_G,TOXO GONDII - IGG,CTX_G,9.49
126,DNA,ANTI - DSDNA,DNA,12.19
127,BILD,BILIRUBIN -DIRECT,BILD,0.46
128,AC_M,CARDIOLIPIN ANTIBODY (ACL) - IGM,AC_M,36.5
129,AVM DIABETIC PROFILE 1.3,AVM DIABETIC PROFILE 1.3,ADP1.3,0
130,CHS2M,HERPES SIMPLEX VIRUS II (HSV)-IGM,CHS2M,10.66
131,NPBNP,NT-PROBNP,NPBNP,22.48
132,AMA,ANTI MICROSOMAL ANTIBODY (AMA),AMA,12.14
133,AVM WELLNESS PROFILE 1.1,AVM WELLNESS PROFILE 1.1,AWP1.1,0
134,BUN,BLOOD UREA NITROGEN (BUN),BUN,0.45
135,PTH,INTACT PARATHYROID HORMONE (PTH),PTH,9.68
136,LPA,LIPOPROTEIN (A),LPA,18.39
137,T4,TOTAL THYROXINE (T4),T4,1.15
138,CORT,CORTISOL,CORT,9.85
139,CHS1G,HERPES SIMPLEX VIRUS I (HSV)-IGG,CHS1G,9.27
140,SERUM ELECTROLYTES,SERUM ELECTROLYTES,SEEL,0.82
141,CEA,CARCINO EMBRYONIC ANTIGEN (CEA),CEA,6.3
142,DG_G,DENGUE-IGG,DG_G,14.53
143,SGOT,ASPARTATE AMINOTRANSFERASE (SGOT ),SGOT,0.46
144,HOMO,HOMOCYSTEINE,HOMO,8.91
145,CA125,CA125,CA125,9.03
146,HBCM,ANTI HEPATITIS B CORE ANTIGEN (AHBC) - IGM,HBCM,23.58
147,INSPP,INSULIN - PP,INSPP,8.21
148,SGPT,ALANINE TRANSAMINASE (SGPT),SGPT,0.46
149,T3,TOTAL TRIIODOTHYRONINE (T3),T3,1.15
150,AVM DIAMOND PACKAGE,AVM DIAMOND PACKAGE,ADDP,50
151,CHS2G,HERPES SIMPLEX VIRUS II (HSV)-IGG,CHS2G,9.27
152,TEST,TESTOSTERONE,TEST,5.47
153,HSCRP,HIGH SENSITIVITY C-REACTIVE PROTEIN (HS-CRP),HSCRP,6.62
154,PLA2,LIPOPROTEIN ASSOCIATED PHOSPHOLIPASE A2 (LP-PLA2),PLA2,20.07
155,PHOS,PHOSPHOROUS,PHOS,1.15
156,ALKP,ALKALINE PHOSPHATASE,ALKP,0.45
157,AVM DIABETIC PROFILE 1.1,AVM DIABETIC PROFILE 1.1,ADP1.1,0
158,TIGE,TOTAL IGE,TIGE,6.39
159,AVM WELLNESS PROFILE 1.2,AVM WELLNESS PROFILE 1.2,AWP1.2,0
160,CHOL,TOTAL CHOLESTEROL,CHOL,0.09
161,EXECUTIVE AROGYAM FEMALE,EXECUTIVE AROGYAM FEMALE,EAFA,0
162,17OH,17 OH PROGESTERONE,17OH,12.19
163,FITNESS PROFILE,FITNESS PROFILE,FPNA,0
164,APOB,APOLIPOPROTEIN - B (APO-B),APOB,7.14
165,CA15-3,CA15-3,CA15-3,10.13
166,MG,MAGNESIUM,MG,1.15
167,TG,THYROGLOBULIN (TG),TG,10.95
168,AVM DIABETIC PROFILE 1.2,AVM DIABETIC PROFILE 1.2,ADP1.2,0
169,SECU,SERUM COPPER,SECU,5.75
170,CSAG,HEPATITIS B SURFACE ANTIGEN,CSAG,3.03
171,ANA,ANTI NUCLEAR ANTIBODIES (ANA),ANA,13.36
172,LH,LUTEINISING HORMONE (LH),LH,3.24
173,CCM_M,CYTOMEGALO VIRUS (CMV) - IGM,CCM_M,9.64
174,BLOOD GROUPING AND RH TYPING,BLOOD GROUPING AND RH TYPING,BGRT,4.53
175,RFAC,RHEUMATOID FACTOR (RF),RFAC,6.93
176,ACCP,ANTI - CCP (ACCP),ACCP,19.68
177,MINI WELLNESS,MINI WELLNESS,MW,9.74
178,SALB,ALBUMIN - SERUM,SALB,0.72
179,LDL,LDL CHOLESTEROL - DIRECT,LDL,2.91
180,AFP,ALPHA FETO PROTEIN (AFP),AFP,8.9
181,EXECUTIVE AROGYAM MALE,EXECUTIVE AROGYAM MALE,EAMA,0
182,SEZN,SERUM ZINC,SEZN,13.15
183,ALDOS,ALDOSTERONE,ALDOS,16.13
184,CHL,CHLORIDE,CHL,0.82
185,BASIC DIABETIC,BASIC DIABETIC,BD,24.34
186,AMYL,AMYLASE,AMYL,1.06
187,AC_G,CARDIOLIPIN ANTIBODY (ACL) -IGG,AC_G,36.5
188,CHS1M,HERPES SIMPLEX VIRUS I (HSV)-IGM,CHS1M,10.66
189,SYPHILIS,ANTI – SYPHILIS ANTIBODY,SYPHILIS,2.85
190,CPK,CPK,CPK,1.35
191,URINOGRAM,URINOGRAM,UROG,2.87
192,AHBE,ANTI HEPATITIS B ENVELOPE ANTIGEN (AHBE) -TOTAL,AHBE,7.59
193,HAVT,ANTI HEPATITIS A VIRUS (HAV) - TOTAL,HAVT,12.26
194,PROT,PROTEIN - TOTAL,PROT,0.45
195,AMH,ANTI MULLERIAN HORMONE (AMH),AMH,34.76
196,TIBC,TOTAL IRON BINDING CAPACITY (TIBC),TIBC,2.88
197,HEMOGRAM - 6 PART (DIFF),HEMOGRAM - 6 PART (DIFF),H6,2.9